{"totalchecks":511,"workers":[{"name":"mat_led","validshares":[49,45,46,37,33,34,31,38,43,45,46,48,45,39,41,32,31,30,22,15,9,15,28,37,34,32,32,25,33,37,42,44,47,47,50,52,53,54,51,44,41,39,43,45,44,44,36,37,38,45,45,48,41,35,35,33,38,38,39,37,36,28,16,12,41,43,43,43,48,46,48,47,39,51,51,42,43,39,35,35,39,47,44,45,48,45,46,45,42,31,20,12],"avgshare":6.9804305283757335,"percent":0.13341062946478663},{"name":"toms","validshares":[20,17,15,12,12,12,9,12,13,14,14,14,13,16,19,17,18,18,18,29,29,32,31,24,25,23,26,24,22,20,18,21,19,22,20,19,20,16,15,14,17,18,22,28,26,25,21,19,18,18,20,18,22,24,23,25,23,24,22,20,15,16,17,19,19,12,14,10,8,15,12,11,15,19,20,26,25,22,22,21,21,16,16,15,15,15,15,13,16,18,17,19,16,15,21,20,20,19,12,13,14,17,21,20,19,16,15,15,14,18,17,16,16,16,13,12,12,15,19,19,15,18,19,17,23,22,24,21,22,20,19,24,23,26,25,25,23,20,20,14,14,14,16,17,17,15,17,18,17,22,22,22,25,21,21,22,19,22,25,24,22,19,17,18,16,16,12,12,16,17,15,13,11,10,11,13,17,14,19,17,16,19,15,15,12,11,15,14,14,16,15,19,22,22,25,23,20,18,15,14,18,18,14,16,19,20,23,21,13,12,15,17,26,28,24,27,22,25,24,20,22,16,17,18,12,16,12,10,11,9,16,25,26,28,23,21,23,17,22,21,19,19,16,20,24,27,31,27,21,21,14,15,16,15,24,22,25,28,22,24,19,15,14,20,27,29,22,22,15,13,13,14,17,18,16,17,19,20,22,24,20,19,18,13,18,17,18,23,23,29,28,23,20,18,17,15,13,15,16,17,17,9,6],"avgshare":10.996086105675147,"percent":0.21015820772711974},{"name":"vlev","validshares":[2,7,10,20,20,26,28,26,32,29,28,27,26,26,28,34,35,35,33,31,27,26,29,25,29,29,25,27,26,25,29,32,30,28,29,31,32,34,37,30,29,32,28,27,27,24,24,29,32,31,28,25,21,25,29,30,28,21,24,19,24,23,19,32,30,30,32,26,30,32,32,28,25,22,23,29,31,37,39,35,32,29,25,28,29,25,25,19,18,20,21,23,25,24,26,24,25,26,26,29,29,27,24,23,23,23,26,26,24,1,4,4,9,15,23,25,24,19,22,21,22,16,18,16,21,20,19,23,21,22,25,20,18,18,16,17,19,20,21,23,24,23,26,23,20,19,23,22,23,20,17,21,21,19,21,21,24,27,29,27,27,30,25,27,27,23,28,26,26,30,28,27,25,27,25,24,25,22,24,25,30,26,22,23,20,27,31,30,29,26,24,27,25,27,25,23,25,22,25,22,22,22,19,20,17,16,17,14,15,14,14,23,24,25,29,23,26,29,27,30,28,29,27,25,24,25,26,27,24,17,20,25,37,38,40,36,27,26,24,24,32,36,33,34,27,22,26,25,35,38,32,35,21,24,26,30,37,31,32,27,18,23,27,32,28,24,23,25,24,24,25,23,23,18,20,22,27,29,24,23,17,18,25,26,26,29,25,20,22,18,22,25,25,27,28,24,25,21,19,22,24,25,30,31,29,17,16,16,19,22,24,19,19,22,23,20,20,19,21,27,25,26,25,23,24,23,20,24,21,23,22,21,27,25,24,25,28,32,33,36,30,23,27,23,25,21,28,27,28,31,20,24,23,20,24,23,26,23,24,25,23,26,27,31,37,33,35,33,27,31,26,26,24,22,23,26,22,20,20,17,21,21,21,23,20,28,28,24,26,17,18,15,15,18,14,18,18,20,16,18,19,19,23,24,23,24,29,28,26,26,19,16,18,17,20,21,22,24,27,28,27,30,30,27,25,24,17,18,20,24,29,29,30,21,21,19,22,22,25,33,33,38,32,28,27,22,24,15,20,25,28,29,23,23,20,24,24,21,22,23,25,23,22,22,20,18,18,20,25,29,31,28,22,17,13,14,14,19,23,24,28,32,29,17,6,3],"avgshare":23.1839530332681,"percent":0.44309383999700785},{"name":"lar420","validshares":[0,2,9,10,9,5,2,3,8,17,21,25,24,23,22,22,18,21,22,24,28,21,25,24,22,15,15,14,17,21,21,23,27,26,28,30,29,30,30,28,32,32,30,26,21,18,12,17,16,15,24,18,22,22,19,23,22,23,21,21,17,16,17,17,18,20,23,28,27,27,17,9,6,4,7,8,10,10,10,14,19,27,27,26,22,15,23,22,23,23,13,10,7,6,8,9,11,14,14,12,7,3,0,2,3,3,3,1,5,6,8,8,8,20,23,26,26,21,21,24,21,16,12,12,10,7,3,3,6,10,13,17,16,15,16,15,23,22,19,22,19,21,25,24,25,24,25,27,25,21,20,22,24,26,23,29,27,22,24,19,16,19,23,17,19,21,19,23,19,15,15,14,17,18,18,22,23,27,27,21,18,19,18,18,19,11,11,14,15,17,18,16,15,17,19,21,18,16,13,16,17,19,19,11,10,4,2,2,2,6,8,10,9,10,7,6,6,5,6,8,20,24,23,17,18,20,20,20,25,24,21,23,23,24,19,20],"avgshare":7.8845401174168295,"percent":0.15069005497999027},{"name":"saumoncache","validshares":[5,12,16,20,22,17,18,16,17,17,17,18,14,15,15,14,16,19,17,19,15,18,19,17,18,16,13,15,15,17,18,17,18,21,20,18,18,11,12,11,13,12,11,17,15,16,16,10,9,10,12,11,15,15,16,18,15,15,11,18,19,19,20,11,13,14,14,15,14,14,16,20,17,18,17,14,16,12,13,18,21,20,22,19,19,19,20,18,16,12,18,14,15,14,13,18,16,17,19,15,16,17,15,14,13,15],"avgshare":3.2778864970645794,"percent":0.06264726783109549}],"startDate":"Wed Mar 31 2021 17:48:50 GMT-0400 (Eastern Daylight Time)","lastmodifiedDate":"Thu Apr 08 2021 18:24:09 GMT-0400 (Eastern Daylight Time)"}